{
  "residue_ids": [
    1,
    2,
    3,
    4,
    5,
    6,
    7,
    8,
    9,
    10,
    11,
    12,
    13,
    14,
    15,
    16,
    17,
    18,
    19,
    20,
    21,
    22,
    23,
    24,
    25,
    26,
    27,
    28,
    29,
    30,
    31,
    32,
    33,
    34,
    35,
    36,
    37,
    38,
    39,
    40,
    41,
    42,
    43,
    44,
    45,
    46,
    47,
    48,
    49,
    50,
    51,
    52,
    53,
    54,
    55,
    56,
    57,
    58,
    59,
    60,
    61,
    62,
    63,
    64,
    65,
    66,
    67,
    68,
    69,
    70,
    71,
    72,
    73,
    74,
    75,
    76,
    77,
    78,
    79,
    80,
    81,
    82,
    83,
    84,
    85,
    86,
    87,
    88,
    89,
    90,
    91,
    92,
    93,
    94,
    95,
    96,
    97,
    98,
    99,
    100,
    101,
    102,
    103,
    104,
    105,
    106,
    107,
    108,
    109,
    110,
    111,
    112,
    113,
    114,
    115,
    116,
    117,
    118,
    119,
    120,
    121,
    122,
    123,
    124,
    125,
    126,
    127,
    128,
    129,
    130,
    131,
    132,
    133,
    134,
    135,
    136,
    137,
    138,
    139,
    140,
    141,
    1,
    2,
    3,
    4,
    5,
    6,
    7,
    8,
    9,
    10,
    11,
    12,
    13,
    14,
    15,
    16,
    17,
    18,
    19,
    20,
    21,
    22,
    23,
    24,
    25,
    26,
    27,
    28,
    29,
    30,
    31,
    32,
    33,
    34,
    35,
    36,
    37,
    38,
    39,
    40,
    41,
    42,
    43,
    44,
    45,
    46,
    47,
    48,
    49,
    50,
    51,
    52,
    53,
    54,
    55,
    56,
    57,
    58,
    59,
    60,
    61,
    62,
    63,
    64,
    65,
    66,
    67,
    68,
    69,
    70,
    71,
    72,
    73,
    74,
    75,
    76,
    77,
    78,
    79,
    80,
    81,
    82,
    83,
    84,
    85,
    86,
    87,
    88,
    89,
    90,
    91,
    92,
    93,
    94,
    95,
    96,
    97,
    98,
    99,
    100,
    101,
    102,
    103,
    104,
    105,
    106,
    107,
    108,
    109,
    110,
    111,
    112,
    113,
    114,
    115,
    116,
    117,
    118,
    119,
    120,
    121,
    122,
    123,
    124,
    125,
    126,
    127,
    128,
    129,
    130,
    131,
    132,
    133,
    134,
    135,
    136,
    137,
    138,
    139,
    140,
    141,
    142,
    143,
    144,
    145,
    146
  ],
  "flexibility": [
    0.09867357860597874,
    0.05966119744752606,
    0.10302713724153864,
    0.1534699316853106,
    0.07165390195061037,
    0.0356167657190201,
    0.048237827581756806,
    0.06048110618543352,
    0.027078964895484628,
    0.017802938018001764,
    0.034260643849681235,
    0.03234288703823255,
    0.01646142973533834,
    0.014851818328746045,
    0.0354584616245052,
    0.0330957451622713,
    0.01807811849861894,
    0.03937803256935998,
    0.054709967431364685,
    0.03111188121383679,
    0.016295394435839654,
    0.02240330114704904,
    0.023869181566595125,
    0.007509764020128462,
    0.004673756002395178,
    0.01341759820040231,
    0.010131133538052487,
    0.004389506688173566,
    0.007604039667961384,
    0.018012104490013663,
    0.014663684605756221,
    0.01762110726560199,
    0.031914882268824406,
    0.027948969175780047,
    0.021254842418871097,
    0.03015703165889858,
    0.059645429162312025,
    0.10067496497072255,
    0.06396456322369264,
    0.08757441979764786,
    0.1565819014139997,
    0.12644625143896507,
    0.11448507247315885,
    0.31946335823607774,
    1.0,
    0.23631384963031662,
    0.2369811529262355,
    0.1009785524135396,
    0.1291949543670687,
    0.11242403578376041,
    0.1876433329987113,
    0.1730740704211026,
    0.24601041047891703,
    0.1993529248048222,
    0.07616323766835484,
    0.07790283544791628,
    0.12276343830144763,
    0.04815197768222696,
    0.017338294350364773,
    0.03492598894893037,
    0.0332992358251998,
    0.005076484329194011,
    0.009628189698435789,
    0.02789228521718585,
    0.022073894063502818,
    0.0068281307602213225,
    0.02035429347521882,
    0.03870555236668277,
    0.0244265406710675,
    0.02348064358539538,
    0.048403794940072985,
    0.06807215280484005,
    0.047166938675287005,
    0.09243072524307183,
    0.11169800351388919,
    0.06985172241716543,
    0.13478105169987442,
    0.2218186691237309,
    0.11371454339203228,
    0.08712731583519416,
    0.1689369409522286,
    0.1913778362752273,
    0.10707807012890888,
    0.11302003967863371,
    0.23027393300507426,
    0.18003100880965917,
    0.10710104959229651,
    0.1943722804319085,
    0.35291710128746556,
    0.4950524287081546,
    0.3677653684241235,
    0.2608225013628499,
    0.12614384260865064,
    0.14381267462953004,
    0.11604440967442782,
    0.07480739660801121,
    0.04592131376826317,
    0.02660213527862448,
    0.018890072703474932,
    0.015173489237192158,
    0.005622930798312295,
    0.004387867686808071,
    0.008342192620511087,
    0.005884394886776597,
    0.0007413513374603354,
    0.0032492131783337973,
    0.0048739146163580965,
    0.004124458791078541,
    0.002887733344693939,
    0.004155905284204854,
    0.004450736349710443,
    0.0063919418912880945,
    0.00953871788999398,
    0.006964169176106419,
    0.017931841688323492,
    0.014493706274538559,
    0.00628947264492464,
    0.007499870229807481,
    0.011187757384543093,
    0.016222440036103444,
    0.011781946268100587,
    0.008777969718900682,
    0.014853308642209575,
    0.016823393254124654,
    0.007796583290585541,
    0.01072633039325896,
    0.020576899680955472,
    0.016901594905242935,
    0.010024327882789737,
    0.027351428697487884,
    0.04180833990407478,
    0.027461959576056284,
    0.038573947821052265,
    0.08058269512434683,
    0.07862207970631642,
    0.06352758847073639,
    0.11421596465054595,
    0.17726319769187335,
    0.2572254797207885,
    0.33368598717104864,
    0.43610246897986427,
    0.06829064230711077,
    0.11873173177607448,
    0.06616083398938531,
    0.1437969416812121,
    0.22793193867129752,
    0.10925815796292765,
    0.04704785683408569,
    0.058280665436314626,
    0.07970328402602406,
    0.03512044326457303,
    0.01891808508992711,
    0.03742080408941992,
    0.047675545821224706,
    0.019601055021347524,
    0.01538846597456908,
    0.03872581793240012,
    0.03555268684929962,
    0.016504026802268222,
    0.028514757625891483,
    0.02248429212433471,
    0.046447760665075465,
    0.0291093359924427,
    0.007380701119161489,
    0.004955742792024093,
    0.013046602153257246,
    0.006894377257130833,
    0.0010381597273635874,
    0.003718038061556859,
    0.011625325751536774,
    0.00925680686868888,
    0.011246295145841377,
    0.02412820605817778,
    0.02625522083713702,
    0.018799018705313596,
    0.025060502536481778,
    0.052282316581996266,
    0.10028680205135543,
    0.0655290364809989,
    0.08077242367355342,
    0.16007917719850015,
    0.11681942262305253,
    0.101223840173838,
    0.23093220433623712,
    0.3624276622547712,
    0.172873056400886,
    0.20350825737425637,
    0.1915051849404787,
    0.1053755358476052,
    0.16805541485434589,
    0.10318856217779568,
    0.05771276239340202,
    0.10383778023560154,
    0.12911686204729197,
    0.05491126489421462,
    0.047258314851273124,
    0.11020749926112877,
    0.10736517211090557,
    0.15267128245719652,
    0.14320339847333033,
    0.05838422859434772,
    0.054211869665357765,
    0.10440641877686849,
    0.043043178420988676,
    0.016379036038163253,
    0.024023985417702683,
    0.02913668068874489,
    0.004293779893628485,
    0.006713148446449589,
    0.027108157723542286,
    0.026350642271807855,
    0.007567749805994231,
    0.0197876501281628,
    0.04080850497124018,
    0.02798395673646628,
    0.018661066085413885,
    0.044710117947635526,
    0.06690895547393844,
    0.05696773609775596,
    0.11471111149187972,
    0.13742554006193017,
