{
  "residue_ids": [
    1,
    2,
    3,
    4,
    5,
    6,
    7,
    8,
    9,
    10,
    11,
    12,
    13,
    14,
    15,
    16,
    17,
    18,
    19,
    20,
    21,
    1,
    2,
    3,
    4,
    5,
    6,
    7,
    8,
    9,
    10,
    11,
    12,
    13,
    14,
    15,
    16,
    17,
    18,
    19,
    20,
    21,
    22,
    23,
    24,
    25,
    26,
    27,
    28,
    29,
    30,
    1,
    2,
    3,
    4,
    5,
    6,
    7,
    8,
    9,
    10,
    11,
    12,
    13,
    14,
    15,
    16,
    17,
    18,
    19,
    20,
    21,
    1,
    2,
    3,
    4,
    5,
    6,
    7,
    8,
    9,
    10,
    11,
    12,
    13,
    14,
    15,
    16,
    17,
    18,
    19,
    20,
    21,
    22,
    23,
    24,
    25,
    26,
    27,
    28,
    29,
    30
  ],
  "flexibility": [
    0.042529473159929845,
    0.007035284972388461,
    0.0022935709086532425,
    0.02489189580293738,
    0.0343413345685349,
    0.00912705933278108,
    0.029678965786106546,
    0.12296379561712953,
    0.17907041419418504,
    0.05606935863608981,
    0.016438929115591076,
    0.02491573672234496,
    0.019977447157341677,
    0.05245767696554436,
    0.024674328088494724,
    0.003578070107705415,
    0.018913403089178847,
    0.022386235107364327,
    0.004137935289772646,
    0.008885551438123928,
    0.013403210441350547,
    0.96515577651206,
    0.773444495594392,
    0.1403017091872109,
    0.03745210493152605,
    0.04728591328125319,
    0.015670710177090003,
    0.019983022610278806,
    0.013051989875070846,
    0.0142564285805565,
    0.013930492583502955,
    0.0004964196926422603,
    0.0035371043414687393,
    0.008164915943013818,
    0.0043425233181946235,
    0.0036358682778910366,
    0.007558126964423815,
    0.016803154966247794,
    0.014802602109049044,
    0.014935719441595994,
    0.01993356640379853,
    0.02290880610909887,
    0.02329360629586997,
    0.006647997101117646,
    0.0027992922049315085,
    0.0005698702768333582,
    0.0,
    0.001921943639619991,
    0.006110421158093056,
    0.18897341275314392,
    0.7988974842787168,
    0.02806225145984479,
    0.00087351500435633,
    0.007125991993183667,
    0.04660092376131561,
    0.030023321793657968,
    0.005461367399115728,
    0.024381987794834224,
    0.10222841942328274,
    0.1359496872624361,
    0.04996146689102573,
    0.021321985419060545,
    0.029686045745012105,
    0.023408822145038664,
    0.05315830210718457,
    0.024078489584218047,
    0.0010512154318836832,
    0.015984775461722913,
    0.016285265372386445,
    0.0032643151354328384,
    0.00843701849650045,
    0.011255582375705063,
    1.0,
    0.7616596585690846,
    0.25750197668218194,
    0.04983267323843921,
    0.049762091589145484,
    0.01367067629039454,
    0.01609539992404843,
    0.011551128903036199,
    0.014402633147583468,
    0.014509247158754122,
    0.00025266374905384,
    0.003254307647103242,
    0.008389848005258861,
    0.004820367796189501,
    0.003923948618694372,
    0.00828003252163617,
    0.015609755883837107,
    0.01552934553949454,
    0.01319947491018019,
    0.016050641984093648,
    0.023337673413098795,
    0.019588279108857878,
    0.006592420495229222,
    0.0031265747630584047,
    0.0009787964735218783,
    0.00031507299392450044,
    0.0027702118818810147,
    0.008148222090730288,
    0.12239657846323339,
    0.06523093846147375
  ],
  "sq_fluctuations": [
    0.03895714566721136,
    0.01250234645192471,
    0.008968215939356839,
    0.025811371909605037,
    0.03285429972415845,
    0.014061403681674089,
    0.029379307442180973,
    0.09890706871883174,
    0.1407248818566363,
    0.04904879644049249,
    0.019511142269031223,
    0.025829141205600845,
    0.022148497540253886,
    0.04635691029510522,
    0.02564921268029973,
    0.009925588685102557,
    0.021355436095074957,
    0.02394383375792849,
    0.010342871675234932,
    0.01388140117455085,
    0.017248537259535096,
    0.7266160231419758,
    0.5837283081959412,
    0.11182949477588108,
    0.035172842831074226,
    0.042502251917403325,
    0.018938567467093367,
    0.022152653079386284,
    0.0169867628667214,
    0.01788446431441719,
    0.017641535209699355,
    0.007628749480006553,
    0.009895055767579118,
    0.013344291627776138,
    0.010495356785900304,
    0.009968667258394404,
    0.012892035035518539,
    0.01978260985964716,
    0.018291542536818865,
    0.018390758563003123,
    0.02211579200214534,
    0.024333320364963242,
    0.024620122576785836,
    0.012213690100105923,
    0.009345143995331704,
    0.007683494229956999,
    0.007258754166239244,
    0.008691231867112278,
    0.011813019895718048,
    0.14810586031773793,
    0.602699123967666,
    0.028174325582510082,
    0.007909809035551572,
    0.012569952900898131,
    0.04199171030087792,
    0.02963596548969615,
    0.011329262194796769,
    0.02543132338162178,
    0.08345241989116269,
    0.10858581258227464,
    0.04449641595243575,
    0.023150619058376908,
    0.02938458433118346,
    0.02470599613276271,
    0.046879105572521916,
    0.025205117779126332,
    0.008042254074324337,
    0.019172649001838026,
    0.01939661243525481,
    0.009691738434734462,
    0.013547097179502556,
    0.015647850719936816,
    0.7525863857071234,
    0.5749447435277736,
    0.19918209256386593,
    0.04440042248439594,
    0.0443478160308976,
    0.017447886947321127,
    0.01925510047033359,
    0.015868129713162666,
    0.01799343461807986,
    0.018072896986514757,
    0.007447071439897783,
    0.009684279577160091,
    0.013511939708986842,
    0.010851507478929117,
    0.010183381496498844,
    0.013430091194671825,
    0.018893136548070937,
    0.018833204496570704,
    0.01709668753862717,
    0.01922174114095444,
    0.02465296701689883,
    0.021858439840406068,
    0.012172267320070023,
    0.009589076729225066,
    0.007988278223609875,
    0.007493586774563487,
    0.009323469627028036,
    0.013331849238392361,
    0.09848430610094898,
    0.05587717503291864
  ],
  "flexible_residues": [
    1,
    2,
    30,
    1,
    2
  ],
  "rigid_residues": [
    1,
    2,
    3,
    4,
    5,
    6,
    7,
    8,
    9,
    10,
    11,
    12,
    13,
    14,
    15,
    16,
    17,
    18,
    19,
    20,
    21,
    3,
    4,
    5,
    6,
    7,
    8,
    9,
    10,
    11,
    12,
    13,
    14,
    15,
    16,
    17,
    18,
    19,
    20,
    21,
    22,
    23,
    24,
    25,
    26,
    27,
    28,
    29,
    1,
    2,
    3,
    4,
    5,
    6,
    7,
    8,
    9,
    10,
    11,
    12,
    13,
    14,
    15,
    16,
    17,
    18,
    19,
    20,
    21,
    4,
    5,
    6,
    7,
    8,
    9,
    10,
    11,
    12,
    13,
    14,
    15,
    16,
    17,
    18,
    19,
    20,
    21,
    22,
    23,
    24,
    25,
    26,
    27,
    28,
    29,
    30
  ],
  "hinge_residues": [
    5,
    7,
    9,
    14,
    21,
    19,
    30,
    2,
    3,
    5,
    10,
    21,
    23
  ],
  "n_modes": 20,
  "pct_rigid": 0.9411764705882353,
  "pct_flexible": 0.049019607843137254
}