{
  "residue_ids": [
    1,
    2,
    3,
    4,
    5,
    6,
    7,
    8,
    9,
    10,
    11,
    12,
    13,
    14,
    15,
    16,
    17,
    18,
    19,
    20,
    21,
    22,
    23,
    24,
    25,
    26,
    27,
    28,
    29,
    30,
    31,
    32,
    33,
    34,
    35,
    36,
    37,
    38,
    39,
    40,
    41,
    42,
    43,
    44,
    45,
    46,
    47,
    48,
    49,
    50,
    51,
    52,
    53,
    54,
    55,
    56,
    57,
    58,
    59,
    60,
    61,
    62,
    63,
    64,
    65,
    66,
    67,
    68,
    69,
    70,
    71,
    72,
    73,
    74,
    75,
    76,
    77,
    78,
    79,
    80,
    81,
    82,
    83,
    84,
    85,
    86,
    87,
    88,
    89,
    90,
    91,
    92,
    93,
    94,
    95,
    96,
    97,
    98,
    99,
    100,
    101,
    102,
    103,
    26,
    27,
    28,
    29,
    30,
    31,
    32,
    33,
    34,
    35,
    36,
    37,
    38,
    39,
    40,
    41,
    42,
    43,
    44,
    45,
    46,
    47,
    48,
    49,
    50,
    51,
    52,
    53,
    54,
    55,
    56,
    57,
    58,
    59,
    60,
    61,
    62,
    63,
    64,
    65,
    66,
    67,
    68,
    69,
    70,
    71,
    72,
    73,
    74,
    75,
    76,
    77,
    78,
    79,
    80,
    81,
    82,
    83,
    84,
    85,
    86,
    87,
    88,
    89,
    90,
    91,
    92,
    93,
    94,
    95,
    96,
    97,
    98,
    99,
    100,
    101,
    102,
    103,
    104,
    105,
    106,
    107,
    108,
    109,
    110,
    111,
    112,
    113,
    114,
    115,
    116,
    117,
    118,
    119,
    120,
    121,
    122
  ],
  "flexibility": [
    0.002095135323164411,
    0.0014847237336106656,
    0.0012079811207925059,
    0.0018078923966373859,
    0.0016295989140664021,
    0.0014425483624702783,
    0.0011126524612307172,
    0.0009411420965884865,
    0.0012279161712816418,
    0.001040044843256323,
    0.0006468997949610415,
    0.0007495155889167189,
    0.0008975525951447488,
    0.0006203066418730376,
    0.0004892502414546165,
    0.0006647455004457993,
    0.0006414931655124738,
    0.00044116139394807097,
    0.0004438069015151539,
    0.0004897552232268392,
    0.00032753761674752976,
    0.0002892667849789024,
    0.00040133798088589403,
    0.0004301749419342475,
    0.00046970248725677416,
    0.00066320230626548,
    0.0008945347847930532,
    0.0008436772061518642,
    0.0007497189479565735,
    0.0004850649611132041,
    0.0003529723738881828,
    0.0003762469554689495,
    0.00027675979970996574,
    0.0001128578189182598,
    6.698716860328975e-05,
    0.0,
    6.628168929760727e-05,
    0.0002069259574680943,
    0.00020206406151925175,
    4.510191755018893e-05,
    4.705461369057961e-05,
    4.5400871666164174e-05,
    0.0001454500762714737,
    0.00030631582348534587,
    0.0003573940583782503,
    0.0006584660293112991,
    0.0005167112318750734,
    0.0004447727139957317,
    0.0008655377290082476,
    0.001025739626926998,
    0.000812023931125457,
    0.001061161212086268,
    0.0016455473259428361,
    0.0019444424054174687,
    0.003714360660580708,
    0.0026351940256309865,
    0.0022225122767639913,
    0.0013499264502598643,
    0.0008432068271353459,
    0.0009322332331460187,
    0.0006021292692845936,
    0.0008251119499452927,
    0.0005913793128884872,
    0.0009544619827013187,
    0.0014289069977383767,
    0.001096894526971113,
    0.0008571209122770848,
    0.0005729056596115819,
    0.0007894379692463115,
    0.0009099801028917331,
    0.0009690023275705146,
    0.0004700871735134663,
    0.00021034178439113943,
    0.0002465397683149135,
    0.00021820911602194528,
    0.00013829314467642234,
    0.00012653675072040946,
    7.329511932532064e-05,
    0.00010966447425321264,
    0.00016151916285002448,
    0.0001820868146392564,
    0.00020308100559459746,
    0.0002586981488979149,
    0.0002570561091491394,
    0.00024618271828201374,
    0.00029004308582296655,
    0.00037022011458539926,
    0.0003757826881304007,
    0.00032084980894418465,
    0.0004505951475216099,
    0.0006292575673844806,
    0.0005142519175264815,
    0.0005401006287194889,
    0.0009019826738124489,
    0.0009790002129515083,
    0.0008961398986737782,
    0.0009430087105545046,
    0.0012031671878834518,
    0.001258967721680254,
    0.0014232535892538406,
    0.0010217067123478986,
    0.001264434102562334,
    0.00211907976299277,
    0.10400353684226273,
    0.01779704327895277,
    0.023467032324685177,
    0.011114836725087139,
    0.007889266553929668,
    0.0024743169752419556,
    0.0012569583311758592,
    0.0008264455386183876,
    0.0005629557472356505,
    0.0006720258750330173,
    0.00048488532509202573,
    0.00036075525283473105,
    0.00047337680738291743,
    0.00042912299068514594,
    0.0003129518471074706,
    0.0003769488089477811,
    0.00042963963031730817,
    0.00031649835845640504,
    0.0002965835205610006,
    0.0004135848329736921,
    0.0003598869006512667,
    0.00025902677287016255,
    0.00034487582310179676,
    0.0005058967726173369,
    0.0005422160383095925,
    0.0006007662241887844,
    0.0008244803722425575,
    0.0010168712781893632,
    0.0009732582609276105,
    0.0008784418635478903,
    0.0007215017312640349,
    0.0006607383743390774,
    0.0007083814765441794,
    0.0005412914539589044,
    0.0004050652488548,
    0.0002639173851066833,
    0.00011959082600417905,
    0.0002076346212183311,
    0.00021112779177689795,
    0.00017432959534760886,
    0.00027774860280726355,
    0.00021484545260688014,
    0.0002571941915516087,
    0.0002314188791047828,
    0.00039300025706707716,
    0.0005380338238421007,
    0.0006034708996008278,
    0.0008940877013782723,
    0.0008124541067754357,
    0.0006127744931228178,
    0.0007974829761647565,
    0.0010831467257175055,
    0.0009585643577477694,
    0.0007951127427234438,
    0.0012024815398900025,
    0.001117425914738341,
    0.0006879920531818476,
    0.0006437454646704112,
    0.0009595930278638747,
    0.0010191493438466747,
    0.0009553483458188982,
    0.0011336794333113981,
    0.0007872177184113008,
    0.0008038324554106917,
    0.0005241722749838297,
    0.00035721940506115366,
    0.000362160940280006,
    0.0006761282780545021,
    0.0006705260712219824,
    0.0005570277367904086,
    0.00035479714110245856,
    0.00031037328403593357,
    0.00020817619001878214,
    0.0003326589892622059,
    0.00025582534447334064,
    0.00026183743500272054,
    0.0004387691396432958,
    0.0005026753940856913,
    0.00041639993128134124,
    0.0005488302379947753,
    0.0007171526310128524,
    0.0006135780300431585,
    0.0005414510242726652,
    0.0007624445043298886,
    0.0008130428539706699,
    0.000590296817322842,
    0.0007336459620474825,
    0.001067394816109394,
    0.000812070004325643,
    0.0007434303771049785,
    0.001285996729874937,
    0.0016594622403911,
    0.00318143328203597,
    0.0067881190683130345,
    0.05756244632590247,
    0.36632411616543636,
    1.0
  ],